Date,Open,High,Low,Close,Volume
04/11/2006,1296.60,1300.71,1282.96,1286.57,2232880000
04/12/2006,1286.57,1290.93,1286.45,1288.12,1938100000
04/13/2006,1288.12,1292.09,1283.37,1289.12,1891940000
04/17/2006,1289.12,1292.45,1280.74,1285.33,1794650000
04/18/2006,1285.33,1309.02,1285.33,1307.28,2595440000
04/19/2006,1307.65,1310.39,1302.79,1309.93,2447310000
04/20/2006,1309.93,1318.16,1306.38,1311.46,2512920000
04/21/2006,1311.46,1317.67,1306.59,1311.28,2392630000
04/24/2006,1311.28,1311.28,1303.79,1308.11,2117330000
04/25/2006,1308.11,1310.79,1299.17,1301.74,2366380000
04/26/2006,1301.74,1310.97,1301.74,1305.41,2502690000
04/27/2006,1305.41,1315.00,1295.57,1309.72,2772010000
04/28/2006,1309.72,1316.04,1306.16,1310.61,2419920000
05/01/2006,1310.61,1317.21,1303.46,1305.19,2437040000
05/02/2006,1305.19,1313.66,1305.19,1313.21,2403470000
05/03/2006,1313.21,1313.47,1303.92,1308.12,2395230000
05/04/2006,1307.85,1315.14,1307.85,1312.25,2431450000
05/05/2006,1312.25,1326.53,1312.25,1325.76,2294760000
05/08/2006,1325.76,1326.70,1322.87,1324.66,2151300000
05/09/2006,1324.66,1326.60,1322.48,1325.14,2157290000
05/10/2006,1324.57,1325.51,1317.44,1322.85,2268550000
05/11/2006,1322.63,1322.63,1303.45,1305.92,2531520000
05/12/2006,1305.88,1305.88,1290.38,1291.24,2567970000
05/15/2006,1291.19,1294.81,1284.51,1294.50,2505660000
05/16/2006,1294.50,1297.88,1288.51,1292.08,2386210000
05/17/2006,1291.73,1291.73,1267.31,1270.32,2830200000
05/18/2006,1270.25,1274.89,1261.75,1261.81,2537490000
05/19/2006,1261.81,1272.15,1256.28,1267.03,2982300000
05/22/2006,1267.03,1268.77,1252.98,1262.07,2773010000
05/23/2006,1262.06,1273.67,1256.15,1256.58,2605250000
05/24/2006,1256.56,1264.53,1245.34,1258.57,2999030000
05/25/2006,1258.41,1273.26,1258.41,1272.88,2372730000
05/26/2006,1272.71,1280.54,1272.50,1280.16,1814020000
05/30/2006,1280.04,1280.04,1259.87,1259.87,2176190000
05/31/2006,1259.38,1270.09,1259.38,1270.09,2692160000
06/01/2006,1270.05,1285.71,1269.19,1285.71,2360160000
06/02/2006,1285.71,1290.68,1280.22,1288.22,2295540000
06/05/2006,1288.16,1288.16,1264.66,1265.29,2313470000
06/06/2006,1265.23,1269.88,1254.46,1263.85,2697650000
06/07/2006,1263.61,1272.47,1255.77,1256.15,2644170000
06/08/2006,1256.08,1259.85,1235.18,1257.93,3543790000
06/09/2006,1257.93,1262.58,1250.03,1252.30,2214000000
06/12/2006,1252.27,1255.22,1236.43,1237.44,2247010000
06/13/2006,1236.08,1243.37,1222.52,1223.69,3215770000
06/14/2006,1223.66,1231.46,1219.29,1230.04,2667990000
06/15/2006,1230.01,1258.64,1230.01,1256.16,2775480000
06/16/2006,1256.16,1256.27,1246.33,1251.54,2783390000
06/19/2006,1251.54,1255.93,1237.17,1240.13,2517200000
06/20/2006,1240.12,1249.01,1238.87,1240.12,2232950000
06/21/2006,1240.09,1257.96,1240.09,1252.20,2361230000
06/22/2006,1251.92,1251.92,1241.53,1245.60,2148180000
06/23/2006,1245.59,1253.13,1241.43,1244.50,2017270000
06/26/2006,1244.50,1250.92,1243.68,1250.56,1878580000
06/27/2006,1250.55,1253.37,1238.94,1239.20,2203130000
06/28/2006,1238.99,1247.06,1237.59,1246.00,2085490000
06/29/2006,1245.94,1272.88,1245.94,1272.87,2621250000
06/30/2006,1272.86,1276.30,1270.20,1270.20,3049560000
07/03/2006,1270.06,1280.38,1270.06,1280.19,1114470000
07/05/2006,1280.05,1280.05,1265.91,1270.91,2165070000
07/06/2006,1270.58,1278.32,1270.58,1274.08,2009160000
07/07/2006,1274.08,1275.38,1263.13,1265.48,1988150000
07/10/2006,1265.46,1274.06,1264.46,1267.34,1854590000
07/11/2006,1267.26,1273.64,1259.65,1272.43,2310850000
07/12/2006,1272.39,1273.31,1257.29,1258.60,2250450000
07/13/2006,1258.58,1258.58,1241.43,1242.28,2545760000
07/14/2006,1242.29,1242.70,1228.45,1236.20,2467120000
07/17/2006,1236.20,1240.07,1231.49,1234.49,2146410000
07/18/2006,1234.48,1239.86,1224.54,1236.86,2481750000
07/19/2006,1236.74,1261.81,1236.74,1259.81,2701980000
07/20/2006,1259.81,1262.56,1249.13,1249.13,2345580000
07/21/2006,1249.12,1250.96,1238.72,1240.29,2704090000
07/24/2006,1240.25,1262.50,1240.25,1260.91,2312720000
07/25/2006,1260.91,1272.39,1257.19,1268.88,2563930000
07/26/2006,1268.87,1273.89,1261.94,1268.40,2667710000
07/27/2006,1268.20,1275.85,1261.92,1263.20,2776710000
07/28/2006,1263.15,1280.42,1263.15,1278.55,2480420000
07/31/2006,1278.53,1278.66,1274.31,1276.66,2461300000
08/01/2006,1278.53,1278.66,1265.71,1270.92,2527690000
08/02/2006,1270.73,1283.42,1270.73,1277.41,2610750000
08/03/2006,1278.22,1283.96,1271.25,1280.27,2728440000
08/04/2006,1280.26,1292.92,1273.82,1279.36,2530970000
08/07/2006,1279.31,1279.31,1273.00,1275.77,2045660000
08/08/2006,1275.67,1282.75,1268.37,1271.48,2457840000
08/09/2006,1271.13,1283.74,1264.73,1265.95,2555180000
08/10/2006,1265.72,1272.55,1261.30,1271.81,2402190000
08/11/2006,1271.64,1271.64,1262.08,1266.74,2004540000
08/14/2006,1266.67,1278.90,1266.67,1268.21,2118020000
08/15/2006,1268.19,1286.23,1268.19,1285.58,2334100000
08/16/2006,1285.27,1296.21,1285.27,1295.43,2554570000
08/17/2006,1295.37,1300.78,1292.71,1297.48,2458340000
08/18/2006,1297.48,1302.30,1293.57,1302.30,2033910000
08/21/2006,1302.30,1302.30,1295.51,1297.52,1759240000
08/22/2006,1297.52,1302.49,1294.44,1298.82,1908740000
08/23/2006,1298.73,1301.50,1289.82,1292.99,1893670000
08/24/2006,1292.97,1297.23,1291.40,1296.06,1930320000
08/25/2006,1295.92,1298.88,1292.39,1295.09,1667580000
08/28/2006,1295.09,1305.02,1293.97,1301.78,1834920000
08/29/2006,1301.57,1305.02,1295.29,1304.28,2093720000
08/30/2006,1303.70,1306.74,1302.15,1305.37,2060690000
08/31/2006,1304.25,1306.11,1302.45,1303.82,1974540000
09/01/2006,1303.80,1312.03,1303.80,1311.01,1800520000
09/05/2006,1310.94,1314.67,1308.82,1313.25,2114480000
09/06/2006,1313.04,1313.04,1299.28,1300.26,2329870000
09/07/2006,1300.21,1301.25,1292.13,1294.02,2325850000
09/08/2006,1294.02,1300.14,1294.02,1298.92,2132890000
09/11/2006,1298.86,1302.36,1290.93,1299.54,2506430000
09/12/2006,1299.53,1314.28,1299.53,1313.00,2791580000
09/13/2006,1312.74,1319.92,1311.12,1318.07,2597220000
09/14/2006,1318.00,1318.00,1313.25,1316.28,2351220000
09/15/2006,1316.28,1324.65,1316.28,1319.66,3198030000
09/18/2006,1319.85,1324.87,1318.16,1321.18,2325080000
09/19/2006,1321.17,1322.04,1312.17,1317.64,2390850000
09/20/2006,1318.28,1328.53,1318.28,1325.18,2543070000
09/21/2006,1324.89,1328.19,1315.45,1318.03,2627440000
09/22/2006,1318.03,1318.03,1310.94,1314.78,2162880000
09/25/2006,1314.78,1329.35,1311.58,1326.37,2710240000
09/26/2006,1326.35,1336.60,1325.30,1336.35,2673350000
09/27/2006,1336.12,1340.08,1333.54,1336.59,2749190000
09/28/2006,1336.56,1340.28,1333.75,1338.88,2397820000
09/29/2006,1339.15,1339.88,1335.64,1335.85,2273430000
10/02/2006,1335.82,1338.54,1330.28,1331.32,2154480000
10/03/2006,1331.32,1338.31,1327.10,1334.11,2682690000
10/04/2006,1333.81,1350.20,1331.48,1350.20,3019880000
10/05/2006,1349.84,1353.79,1347.75,1353.22,2817240000
10/06/2006,1353.22,1353.22,1344.21,1349.59,2523000000
10/09/2006,1349.58,1352.69,1346.55,1350.66,1935170000
10/10/2006,1350.62,1354.23,1348.60,1353.42,2376140000
10/11/2006,1353.28,1353.97,1343.57,1349.95,2521000000
10/12/2006,1349.94,1363.76,1349.94,1362.83,2514350000
10/13/2006,1362.82,1366.63,1360.50,1365.62,2482920000
10/16/2006,1365.61,1370.20,1364.48,1369.06,2305920000
10/17/2006,1369.05,1369.05,1356.87,1364.05,2519620000
10/18/2006,1363.93,1372.87,1360.95,1365.80,2658840000
10/19/2006,1365.95,1368.09,1362.06,1366.96,2619830000
10/20/2006,1366.94,1368.66,1362.10,1368.60,2526410000
10/23/2006,1368.58,1377.40,1363.94,1377.02,2480430000
10/24/2006,1377.02,1377.78,1372.42,1377.38,2876890000
10/25/2006,1377.36,1383.61,1376.00,1382.22,2953540000
10/26/2006,1382.21,1389.45,1379.47,1389.08,2793350000
10/27/2006,1388.89,1388.89,1375.85,1377.34,2458450000
10/30/2006,1377.30,1381.22,1373.46,1377.93,2770440000
10/31/2006,1377.93,1381.21,1372.19,1377.94,2803030000
11/01/2006,1377.76,1381.95,1366.26,1367.81,2821160000
11/02/2006,1367.44,1368.39,1362.21,1367.34,2646180000
11/03/2006,1367.31,1371.68,1360.98,1364.30,2419730000
11/06/2006,1364.27,1381.40,1364.27,1379.78,2533550000
11/07/2006,1379.75,1388.19,1379.19,1382.84,2636390000
11/08/2006,1382.50,1388.61,1379.33,1385.72,2814820000
11/09/2006,1385.43,1388.92,1377.31,1378.33,3012050000
11/10/2006,1378.33,1381.04,1375.60,1380.90,2290200000
11/13/2006,1380.58,1387.61,1378.80,1384.42,2386340000
11/14/2006,1384.36,1394.49,1379.07,1393.22,3027480000
11/15/2006,1392.91,1401.35,1392.13,1396.57,2831130000
11/16/2006,1396.53,1403.76,1396.53,1399.76,2835730000
11/17/2006,1399.76,1401.21,1394.55,1401.20,2726100000
11/20/2006,1401.17,1404.37,1397.85,1400.50,2546710000
11/21/2006,1400.43,1403.49,1399.99,1402.81,2597940000
11/22/2006,1402.69,1407.89,1402.26,1406.09,2237710000
11/24/2006,1405.94,1405.94,1399.25,1400.95,832550000
11/27/2006,1400.95,1400.95,1381.44,1381.96,2711210000
11/28/2006,1381.61,1387.91,1377.83,1386.72,2639750000
11/29/2006,1386.11,1401.14,1386.11,1399.48,2790970000
11/30/2006,1399.47,1406.30,1393.83,1400.63,4006230000
12/01/2006,1400.63,1402.46,1385.93,1396.71,2800980000
12/04/2006,1396.67,1411.23,1396.67,1409.12,2766320000
12/05/2006,1409.10,1415.27,1408.78,1414.76,2755700000
12/06/2006,1414.40,1415.93,1411.05,1412.90,2725280000
12/07/2006,1412.86,1418.27,1406.80,1407.29,2743150000
12/08/2006,1407.27,1414.09,1403.67,1409.84,2440460000
12/11/2006,1409.81,1415.60,1408.56,1413.04,2289900000
12/12/2006,1413.00,1413.78,1404.75,1411.56,2738170000
12/13/2006,1411.32,1416.64,1411.05,1413.21,2552260000
12/14/2006,1413.16,1427.23,1413.16,1425.49,2729700000
12/15/2006,1425.48,1431.63,1425.48,1427.09,3229580000
12/18/2006,1427.08,1431.81,1420.65,1422.48,2568140000
12/19/2006,1422.42,1428.30,1414.88,1425.55,2717060000
12/20/2006,1425.51,1429.05,1423.51,1423.53,2387630000
12/21/2006,1423.20,1426.40,1415.90,1418.30,2322410000
12/22/2006,1418.10,1418.82,1410.28,1410.76,1647590000
12/26/2006,1410.75,1417.91,1410.45,1416.90,1310310000
12/27/2006,1416.63,1427.72,1416.63,1426.84,1667370000
12/28/2006,1426.77,1427.26,1422.05,1424.73,1508570000
12/29/2006,1424.71,1427.00,1416.84,1418.30,1678200000
01/03/2007,1418.03,1429.42,1407.86,1416.60,3429160000
01/04/2007,1416.60,1421.84,1408.43,1418.34,3004460000
01/05/2007,1418.34,1418.34,1405.75,1409.71,2919400000
01/08/2007,1409.26,1414.98,1403.97,1412.84,2763340000
01/09/2007,1412.84,1415.61,1405.42,1412.11,3038380000
01/10/2007,1408.70,1415.99,1405.32,1414.85,2764660000
01/11/2007,1414.84,1427.12,1414.84,1423.82,2857870000
01/12/2007,1423.82,1431.23,1422.58,1430.73,2686480000
01/16/2007,1430.73,1433.93,1428.62,1431.90,2599530000
01/17/2007,1431.77,1435.27,1428.57,1430.62,2690270000
01/18/2007,1430.59,1432.96,1424.21,1426.37,2822430000
01/19/2007,1426.35,1431.57,1425.19,1430.50,2777480000
01/22/2007,1430.47,1431.39,1420.40,1422.95,2540120000
01/23/2007,1422.95,1431.33,1421.66,1427.99,2975070000
01/24/2007,1427.96,1440.14,1427.96,1440.13,2783180000
01/25/2007,1440.12,1440.69,1422.34,1423.90,2994330000
01/26/2007,1423.90,1427.27,1416.96,1422.18,2626620000
01/29/2007,1422.03,1426.94,1418.46,1420.62,2730480000
01/30/2007,1420.61,1428.82,1420.61,1428.82,2706250000
01/31/2007,1428.65,1441.61,1424.78,1438.24,2976690000
02/01/2007,1437.90,1446.64,1437.90,1445.94,2914890000
02/02/2007,1445.94,1449.33,1444.49,1448.39,2569450000
02/05/2007,1448.33,1449.38,1443.85,1446.99,2439430000
02/06/2007,1446.98,1450.19,1443.40,1448.00,2608710000
02/07/2007,1447.41,1452.99,1446.44,1450.02,2618820000
02/08/2007,1449.99,1450.45,1442.81,1448.31,2816180000
02/09/2007,1448.25,1452.45,1433.44,1438.06,2951810000
02/12/2007,1438.00,1439.11,1431.44,1433.37,2395680000
02/13/2007,1433.22,1444.41,1433.22,1444.26,2652150000
02/14/2007,1443.91,1457.65,1443.91,1455.30,2699290000
02/15/2007,1455.15,1457.97,1453.19,1456.81,2490920000
02/16/2007,1456.77,1456.77,1451.57,1455.54,2399450000
02/20/2007,1455.53,1460.53,1449.20,1459.68,2337860000
02/21/2007,1459.60,1459.60,1452.02,1457.63,2606980000
02/22/2007,1457.29,1461.57,1450.51,1456.38,1950770000
02/23/2007,1456.22,1456.22,1448.36,1451.19,2579950000
02/26/2007,1451.04,1456.95,1445.48,1449.37,2822170000
02/27/2007,1449.25,1449.25,1389.42,1399.04,4065230000
02/28/2007,1398.64,1415.89,1396.65,1406.82,3925250000
03/01/2007,1406.80,1409.46,1380.87,1403.17,3874910000
03/02/2007,1403.16,1403.40,1386.87,1387.17,3312260000
03/05/2007,1387.11,1391.86,1373.97,1374.12,3480520000
03/06/2007,1374.06,1397.90,1374.06,1395.41,3358160000
03/07/2007,1395.02,1401.16,1390.64,1391.97,3141350000
03/08/2007,1391.88,1407.93,1391.88,1401.89,3014850000
03/09/2007,1401.89,1410.15,1397.30,1402.84,2623050000
03/12/2007,1402.80,1409.34,1398.40,1406.60,2664000000
03/13/2007,1406.23,1406.23,1377.71,1377.95,3485570000
03/14/2007,1377.86,1388.09,1363.98,1387.17,3758350000
03/15/2007,1387.11,1395.73,1385.16,1392.28,2821900000
03/16/2007,1392.28,1397.51,1383.63,1386.95,3393640000
03/19/2007,1386.95,1403.20,1386.95,1402.06,2777180000
03/20/2007,1402.04,1411.53,1400.70,1410.94,2795940000
03/21/2007,1410.92,1437.77,1409.75,1435.04,3184770000
03/22/2007,1435.04,1437.66,1429.88,1434.54,3129970000
03/23/2007,1434.54,1438.89,1433.21,1436.11,2619020000
03/26/2007,1436.11,1437.65,1423.28,1437.50,2754660000
03/27/2007,1437.49,1437.49,1425.54,1428.61,2673040000
03/28/2007,1428.35,1428.35,1414.07,1417.23,3000440000
03/29/2007,1417.17,1426.24,1413.27,1422.53,2854710000
03/30/2007,1422.52,1429.22,1408.90,1420.86,2903960000
04/02/2007,1420.83,1425.49,1416.37,1424.55,2875880000
04/03/2007,1424.27,1440.57,1424.27,1437.77,2921760000
04/04/2007,1437.75,1440.16,1435.08,1439.37,2616320000
04/05/2007,1438.94,1444.88,1436.67,1443.76,2357230000
04/09/2007,1443.77,1448.10,1443.28,1444.61,2349410000
04/10/2007,1444.58,1448.73,1443.99,1448.39,2510110000
04/11/2007,1448.23,1448.39,1436.15,1438.87,2950190000
04/12/2007,1438.87,1448.02,1433.91,1447.80,2770570000
04/13/2007,1447.80,1453.11,1444.15,1452.85,2690020000
04/16/2007,1452.84,1468.62,1452.84,1468.33,2870140000
04/17/2007,1468.47,1474.35,1467.15,1471.48,2920570000
04/18/2007,1471.47,1476.57,1466.41,1472.50,2971330000
04/19/2007,1472.48,1474.23,1464.47,1470.73,2913610000
04/20/2007,1470.69,1484.74,1470.69,1484.35,3329940000
04/23/2007,1484.33,1487.32,1480.19,1480.93,2575020000
04/24/2007,1480.93,1483.82,1473.74,1480.41,3119750000
04/25/2007,1480.28,1496.59,1480.28,1495.42,3252590000
04/26/2007,1495.27,1498.02,1491.17,1494.25,3211800000
04/27/2007,1494.21,1497.32,1488.67,1494.07,2732810000
04/30/2007,1494.07,1497.16,1482.29,1482.37,3093420000
05/01/2007,1482.37,1487.27,1476.70,1486.30,3400350000
05/02/2007,1486.13,1499.10,1486.13,1495.92,3189800000
05/03/2007,1495.56,1503.34,1495.56,1502.39,3007970000
05/04/2007,1502.35,1510.34,1501.80,1505.62,2761930000
05/07/2007,1505.57,1511.00,1505.54,1509.48,2545090000
05/08/2007,1509.36,1509.36,1500.66,1507.72,2795720000
05/09/2007,1507.32,1513.80,1503.77,1512.58,2935550000
05/10/2007,1512.33,1512.33,1491.42,1491.47,3031240000
05/11/2007,1491.47,1506.24,1491.47,1505.85,2720780000
05/14/2007,1505.76,1510.90,1498.34,1503.15,2776130000
05/15/2007,1503.11,1514.83,1500.43,1501.19,3071020000
05/16/2007,1500.75,1514.15,1500.75,1514.14,2915350000
05/17/2007,1514.01,1517.14,1509.29,1512.75,2868640000
05/18/2007,1512.74,1522.75,1512.74,1522.75,2959050000
05/21/2007,1522.75,1529.87,1522.71,1525.10,3465360000
05/22/2007,1525.10,1529.24,1522.05,1524.12,2860500000
05/23/2007,1524.09,1532.43,1521.90,1522.28,3084260000
05/24/2007,1522.10,1529.31,1505.18,1507.51,3365530000
05/25/2007,1507.50,1517.41,1507.50,1515.73,2316250000
05/29/2007,1515.55,1521.80,1512.02,1518.11,2571790000
05/30/2007,1517.60,1530.23,1510.06,1530.23,2980210000
05/31/2007,1530.19,1535.56,1528.26,1530.62,3335530000
06/01/2007,1530.62,1540.56,1530.62,1536.34,2927020000
06/04/2007,1536.28,1540.53,1532.31,1539.18,2738930000
06/05/2007,1539.12,1539.12,1525.62,1530.95,2939450000
06/06/2007,1530.57,1530.57,1514.13,1517.38,2964190000
06/07/2007,1517.36,1517.36,1490.37,1490.72,3538470000
06/08/2007,1490.71,1507.76,1487.41,1507.67,2993460000
06/11/2007,1507.64,1515.53,1503.35,1509.12,2525280000
06/12/2007,1509.12,1511.33,1492.97,1493.00,3056200000
06/13/2007,1492.65,1515.70,1492.65,1515.67,3077930000
06/14/2007,1515.58,1526.45,1515.58,1522.97,2813630000
06/15/2007,1522.97,1538.71,1522.97,1532.91,3406030000
06/18/2007,1532.90,1535.44,1529.31,1531.05,2480240000
06/19/2007,1531.02,1535.85,1525.67,1533.70,2873590000
06/20/2007,1533.68,1537.32,1512.36,1512.84,3286900000
06/21/2007,1512.50,1522.90,1504.75,1522.19,3161110000
06/22/2007,1522.19,1522.19,1500.74,1502.56,4284320000
06/25/2007,1502.56,1514.29,1492.68,1497.74,3287250000
06/26/2007,1497.68,1506.12,1490.54,1492.89,3398530000
06/27/2007,1492.62,1506.80,1484.18,1506.34,3398150000
06/28/2007,1506.32,1514.84,1503.41,1505.71,3006710000
06/29/2007,1505.70,1517.53,1493.61,1503.35,3165410000
07/02/2007,1504.66,1519.45,1504.66,1519.43,2644990000
07/03/2007,1519.12,1526.01,1519.12,1524.87,1560790000
07/05/2007,1524.86,1526.57,1517.72,1525.40,2622950000
07/06/2007,1524.96,1532.40,1520.47,1530.44,2441520000
07/09/2007,1530.43,1534.26,1527.45,1531.85,2715330000
07/10/2007,1531.85,1531.85,1510.01,1510.12,3244280000
07/11/2007,1509.93,1519.34,1506.10,1518.76,3082920000
07/12/2007,1518.74,1547.92,1518.74,1547.70,3489600000
07/13/2007,1547.68,1555.10,1544.85,1552.50,2801120000
07/16/2007,1552.50,1555.90,1546.69,1549.52,2704110000
07/17/2007,1549.52,1555.32,1547.74,1549.37,3007140000
07/18/2007,1549.20,1549.20,1533.67,1546.17,3609220000
07/19/2007,1546.13,1555.20,1546.13,1553.08,3251450000
07/20/2007,1553.19,1553.19,1529.20,1534.10,3745780000
07/23/2007,1534.06,1547.23,1534.06,1541.57,3102700000
07/24/2007,1541.57,1541.57,1508.62,1511.04,4115830000
07/25/2007,1511.03,1524.31,1503.73,1518.09,4283200000
07/26/2007,1518.09,1518.09,1465.30,1482.66,4472550000
07/27/2007,1482.44,1488.53,1458.95,1458.95,4784650000
07/30/2007,1458.93,1477.88,1454.32,1473.91,4128780000
07/31/2007,1473.90,1488.30,1454.25,1455.27,4524520000
08/01/2007,1455.18,1468.38,1439.59,1465.81,5256780000
08/02/2007,1465.46,1476.43,1460.58,1472.20,4368850000
08/03/2007,1472.18,1473.23,1432.80,1433.06,4272110000
08/06/2007,1433.04,1467.67,1427.39,1467.67,5067200000
08/07/2007,1467.62,1488.30,1455.80,1476.71,4909390000
08/08/2007,1476.22,1503.89,1476.22,1497.49,5499560000
08/09/2007,1497.21,1497.21,1453.09,1453.09,5889600000
08/10/2007,1453.09,1462.02,1429.74,1453.64,5345780000
08/13/2007,1453.42,1466.29,1451.54,1452.92,3696280000
08/14/2007,1452.87,1456.74,1426.20,1426.54,3814630000
08/15/2007,1426.15,1440.78,1404.36,1406.70,4290930000
08/16/2007,1406.64,1415.97,1370.60,1411.27,6509300000
08/17/2007,1411.26,1450.33,1411.26,1445.94,3570040000
08/20/2007,1445.94,1451.75,1430.54,1445.55,3321340000
08/21/2007,1445.55,1455.32,1439.76,1447.12,3012150000
08/22/2007,1447.03,1464.86,1447.03,1464.07,3309120000
08/23/2007,1464.05,1472.06,1453.88,1462.50,3084390000
08/24/2007,1462.34,1479.40,1460.54,1479.37,2541400000
08/27/2007,1479.36,1479.36,1465.98,1466.79,2406180000
08/28/2007,1466.72,1466.72,1432.01,1432.36,3078090000
08/29/2007,1432.01,1463.76,1432.01,1463.76,2824070000
08/30/2007,1463.67,1468.43,1451.25,1457.64,2582960000
08/31/2007,1457.61,1481.47,1457.61,1473.99,2731610000
09/04/2007,1473.96,1496.40,1472.15,1489.42,2766600000
09/05/2007,1488.76,1488.76,1466.34,1472.29,2991600000
09/06/2007,1472.03,1481.49,1467.41,1478.55,2459590000
09/07/2007,1478.55,1478.55,1449.07,1453.55,3191080000
09/10/2007,1453.50,1462.25,1439.29,1451.70,2835720000
09/11/2007,1451.69,1472.48,1451.69,1471.49,3015330000
09/12/2007,1471.10,1479.50,1465.75,1471.56,2885720000
09/13/2007,1471.47,1489.58,1471.47,1483.95,2877080000
09/14/2007,1483.95,1485.99,1473.18,1484.25,2641740000
09/17/2007,1484.24,1484.24,1471.82,1476.65,2598390000
09/18/2007,1476.63,1519.89,1476.63,1519.78,3708940000
09/19/2007,1519.75,1538.74,1519.75,1529.03,3846750000
09/20/2007,1528.69,1529.14,1516.42,1518.75,2957700000
09/21/2007,1518.75,1530.89,1518.75,1525.75,3679460000
09/24/2007,1525.75,1530.18,1516.15,1517.73,3131310000
09/25/2007,1516.34,1518.27,1507.13,1517.21,3187770000
09/26/2007,1518.62,1529.39,1518.62,1525.42,3237390000
09/27/2007,1527.32,1532.46,1525.81,1531.38,2872180000
09/28/2007,1531.24,1533.74,1521.99,1526.75,2925350000
10/01/2007,1527.29,1549.02,1527.25,1547.04,3281990000
10/02/2007,1546.96,1548.01,1540.37,1546.63,3101910000
10/03/2007,1545.80,1545.84,1536.34,1539.59,3065320000
10/04/2007,1539.91,1544.02,1537.63,1542.84,2690430000
10/05/2007,1543.84,1561.91,1543.84,1557.59,2919030000
10/08/2007,1556.51,1556.51,1549.00,1552.58,2040650000
10/09/2007,1553.18,1565.26,1551.82,1565.15,2932040000
10/10/2007,1564.98,1565.42,1555.46,1562.47,3044760000
10/11/2007,1564.72,1576.09,1546.72,1554.41,3911260000
10/12/2007,1555.41,1563.03,1554.09,1561.80,2788690000
10/15/2007,1562.25,1564.74,1540.81,1548.71,3139290000
10/16/2007,1547.81,1547.81,1536.29,1538.53,3234560000
10/17/2007,1544.44,1550.66,1526.01,1541.24,3638070000
10/18/2007,1539.29,1542.79,1531.76,1540.08,3203210000
10/19/2007,1540.00,1540.00,1500.26,1500.63,4160970000
10/22/2007,1497.79,1508.06,1490.40,1506.33,3471830000
10/23/2007,1509.30,1520.01,1503.61,1519.59,3309120000
10/24/2007,1516.61,1517.23,1489.56,1515.88,4003300000
10/25/2007,1516.15,1523.24,1500.46,1514.40,4183960000
10/26/2007,1522.17,1535.53,1520.18,1535.28,3612120000
10/29/2007,1536.92,1544.67,1536.43,1540.98,3124480000
10/30/2007,1539.42,1539.42,1529.55,1531.02,3212520000
10/31/2007,1532.15,1552.76,1529.40,1549.38,3953070000
11/01/2007,1545.79,1545.79,1506.66,1508.44,4241470000
11/02/2007,1511.07,1513.15,1492.53,1509.65,4285990000
11/05/2007,1505.61,1510.84,1489.95,1502.17,3819330000
11/06/2007,1505.33,1520.77,1499.07,1520.27,3879160000
11/07/2007,1515.46,1515.46,1475.04,1475.62,4353160000
11/08/2007,1475.27,1482.50,1450.31,1474.77,5439720000
11/09/2007,1467.59,1474.09,1448.51,1453.70,4587050000
11/12/2007,1453.66,1464.94,1438.53,1439.18,4192520000
11/13/2007,1441.35,1481.37,1441.35,1481.05,4141310000
11/14/2007,1483.40,1492.14,1466.47,1470.58,4031470000
11/15/2007,1468.04,1472.67,1443.49,1451.15,3941010000
11/16/2007,1453.09,1462.18,1443.99,1458.74,4168870000
11/19/2007,1456.70,1456.70,1430.42,1433.27,4119650000
11/20/2007,1434.51,1452.64,1419.28,1439.70,4875150000
11/21/2007,1434.71,1436.40,1415.64,1416.77,4076230000
11/23/2007,1417.62,1440.86,1417.62,1440.70,1612720000
11/26/2007,1440.74,1446.09,1406.10,1407.22,3706470000
11/27/2007,1409.59,1429.49,1407.43,1428.23,4320720000
11/28/2007,1432.95,1471.62,1432.95,1469.02,4508020000
11/29/2007,1467.41,1473.81,1458.36,1469.72,3524730000
11/30/2007,1471.83,1488.94,1470.89,1481.14,4422200000
12/03/2007,1479.63,1481.16,1470.08,1472.42,3323250000
12/04/2007,1471.34,1471.34,1460.66,1462.79,3343620000
12/05/2007,1465.22,1486.09,1465.22,1485.01,3663660000
12/06/2007,1484.59,1508.02,1482.19,1507.34,3568570000
12/07/2007,1508.60,1510.63,1502.66,1504.66,3177710000
12/10/2007,1505.11,1518.27,1504.96,1515.96,2911760000
12/11/2007,1516.68,1523.57,1475.99,1477.65,4080180000
12/12/2007,1487.58,1511.96,1468.23,1486.59,4482120000
12/13/2007,1483.27,1489.40,1469.21,1488.41,3635170000
12/14/2007,1486.19,1486.67,1467.78,1467.95,3401050000
12/17/2007,1465.05,1465.05,1445.43,1445.90,3569030000
12/18/2007,1445.92,1460.16,1435.65,1454.98,3723690000
12/19/2007,1454.70,1464.42,1445.31,1453.00,3401300000
12/20/2007,1456.42,1461.53,1447.22,1460.12,3526890000
12/21/2007,1463.19,1485.40,1463.19,1484.46,4508590000
12/24/2007,1484.55,1497.63,1484.55,1496.45,1267420000
12/26/2007,1495.12,1498.85,1488.20,1497.66,2010500000
12/27/2007,1495.05,1495.05,1475.86,1476.27,2365770000
12/28/2007,1479.83,1488.01,1471.70,1478.49,2420510000
12/31/2007,1475.25,1475.83,1465.13,1468.36,2440880000
01/02/2008,1467.97,1471.77,1442.07,1447.16,3452650000
01/03/2008,1447.55,1456.80,1443.73,1447.16,3429500000
01/04/2008,1444.01,1444.01,1411.19,1411.63,4166000000
01/07/2008,1414.07,1423.87,1403.45,1416.18,4221260000
01/08/2008,1415.71,1430.28,1388.30,1390.19,4705390000
01/09/2008,1390.25,1409.19,1378.70,1409.13,5351030000
01/10/2008,1406.78,1429.09,1395.31,1420.33,5170490000
01/11/2008,1419.91,1419.91,1394.83,1401.02,4495840000
01/14/2008,1402.91,1417.89,1402.91,1416.25,3682090000
01/15/2008,1411.88,1411.88,1380.60,1380.95,4601640000
01/16/2008,1377.41,1391.99,1364.27,1373.20,5440620000
01/17/2008,1374.79,1377.72,1330.67,1333.25,5303130000
01/18/2008,1333.90,1350.28,1312.51,1325.19,6004840000
01/22/2008,1312.94,1322.09,1274.29,1310.50,6544690000
01/23/2008,1310.41,1339.09,1270.05,1338.60,3241680000
01/24/2008,1340.13,1355.15,1334.31,1352.07,5735300000
01/25/2008,1357.32,1368.56,1327.50,1330.61,4882250000
01/28/2008,1330.70,1353.97,1322.26,1353.96,4100930000
01/29/2008,1355.94,1364.93,1350.19,1362.30,4232960000
01/30/2008,1362.22,1385.86,1352.95,1355.81,4742760000
01/31/2008,1351.98,1385.62,1334.08,1378.55,4970290000
02/01/2008,1378.60,1396.02,1375.93,1395.42,4650770000
02/04/2008,1395.38,1395.38,1379.69,1380.82,3495780000
02/05/2008,1380.28,1380.28,1336.64,1336.64,4315740000
02/06/2008,1339.48,1351.96,1324.34,1326.45,4008120000
02/07/2008,1324.01,1347.16,1316.75,1336.91,4589160000
02/08/2008,1336.88,1341.22,1321.06,1331.29,3768490000
02/11/2008,1331.92,1341.40,1320.32,1339.13,3593140000
02/12/2008,1340.55,1362.10,1339.36,1348.86,4044640000
02/13/2008,1353.12,1369.23,1350.78,1367.21,3856420000
02/14/2008,1367.33,1368.16,1347.31,1348.86,3644760000
02/15/2008,1347.52,1350.00,1338.13,1349.99,3583300000
02/19/2008,1355.86,1367.28,1345.05,1348.78,3613550000
02/20/2008,1348.39,1363.71,1336.55,1360.03,3870520000
02/21/2008,1362.21,1367.94,1339.34,1342.53,3696660000
02/22/2008,1344.22,1354.30,1327.04,1353.11,3572660000
02/25/2008,1352.75,1374.36,1346.03,1371.80,3866350000
02/26/2008,1371.76,1387.34,1363.29,1381.29,4096060000
02/27/2008,1378.95,1388.34,1372.00,1380.02,3904700000
02/28/2008,1378.16,1378.16,1363.16,1367.68,3938580000
02/29/2008,1364.07,1364.07,1325.42,1330.63,4426730000
03/03/2008,1330.45,1335.13,1320.04,1331.34,4117570000
03/04/2008,1329.58,1331.03,1307.39,1326.75,4757180000
03/05/2008,1327.69,1344.19,1320.22,1333.70,4277710000
03/06/2008,1332.20,1332.20,1303.42,1304.34,4323460000
03/07/2008,1301.53,1313.24,1282.43,1293.37,4565410000
03/10/2008,1293.16,1295.01,1272.66,1273.37,4261240000
03/11/2008,1274.40,1320.65,1274.40,1320.65,5109080000
03/12/2008,1321.13,1333.26,1307.86,1308.77,4414280000
03/13/2008,1305.26,1321.68,1282.11,1315.48,5073360000
03/14/2008,1316.05,1321.47,1274.86,1288.14,5153780000
03/17/2008,1283.21,1287.50,1256.98,1276.60,5683010000
03/18/2008,1277.16,1330.74,1277.16,1330.74,5335630000
03/19/2008,1330.97,1341.51,1298.42,1298.42,1203830000
03/20/2008,1299.67,1330.67,1295.22,1329.51,6145220000
03/24/2008,1330.29,1359.68,1330.29,1349.88,4499000000
03/25/2008,1349.07,1357.47,1341.21,1352.99,4145120000
03/26/2008,1352.45,1352.45,1336.41,1341.13,4055670000
03/27/2008,1340.34,1345.62,1325.66,1325.76,4037930000
03/28/2008,1327.02,1334.87,1312.95,1315.22,3686980000
03/31/2008,1315.92,1328.52,1312.81,1322.70,4188990000
04/01/2008,1326.41,1370.18,1326.41,1370.18,4745120000
04/02/2008,1369.96,1377.95,1361.55,1367.53,4320440000
04/03/2008,1365.69,1375.66,1358.68,1369.31,3920100000
04/04/2008,1369.85,1380.91,1362.83,1370.40,3703100000
04/07/2008,1373.69,1386.74,1369.02,1372.54,3747780000
04/08/2008,1370.16,1370.16,1360.62,1365.54,3602500000
04/09/2008,1365.50,1368.39,1349.97,1354.49,3556670000
04/10/2008,1355.37,1367.24,1350.11,1360.55,3686150000
04/11/2008,1357.98,1357.98,1331.21,1332.83,3723790000
04/14/2008,1332.20,1335.64,1326.16,1328.32,3565020000
04/15/2008,1331.72,1337.72,1324.35,1334.43,3581230000
04/16/2008,1337.02,1365.49,1337.02,1364.71,4260370000
04/17/2008,1363.37,1368.60,1357.25,1365.56,3713880000
04/18/2008,1369.00,1395.90,1369.00,1390.33,4222380000
04/21/2008,1387.72,1390.23,1379.25,1388.17,3420570000
04/22/2008,1386.43,1386.43,1369.84,1375.94,3821900000
04/23/2008,1378.40,1387.87,1372.24,1379.93,4103610000
04/24/2008,1380.52,1397.72,1371.09,1388.82,4461660000
04/25/2008,1387.88,1399.11,1379.98,1397.84,3891150000
04/28/2008,1397.96,1402.90,1394.40,1396.37,3607000000
04/29/2008,1395.61,1397.00,1386.70,1390.94,3815320000
04/30/2008,1391.22,1404.57,1384.25,1385.59,4508890000
05/01/2008,1385.97,1410.07,1383.07,1409.34,4448780000
05/02/2008,1409.16,1422.72,1406.25,1413.90,3953030000
05/05/2008,1415.34,1415.34,1404.37,1407.49,3410090000
05/06/2008,1405.60,1421.57,1397.10,1418.26,3924100000
05/07/2008,1417.49,1419.54,1391.16,1392.57,4075860000
05/08/2008,1394.29,1402.35,1389.39,1397.68,3827550000
05/09/2008,1394.90,1394.90,1384.11,1388.28,3518620000
05/12/2008,1389.40,1404.06,1386.20,1403.58,3370630000
05/13/2008,1404.40,1406.30,1396.26,1403.04,4018590000
05/14/2008,1405.65,1420.19,1405.65,1408.66,3979370000
05/15/2008,1408.36,1424.40,1406.87,1423.57,3836480000
05/16/2008,1423.89,1425.82,1414.35,1425.35,3842590000
05/19/2008,1425.28,1440.24,1421.63,1426.63,3683970000
05/20/2008,1424.49,1424.49,1409.09,1413.40,3854320000
05/21/2008,1414.06,1419.12,1388.81,1390.71,4517990000
05/22/2008,1390.83,1399.07,1390.23,1394.35,3955960000
05/23/2008,1392.20,1392.20,1373.72,1375.93,3516380000
05/27/2008,1375.97,1387.40,1373.07,1385.35,3588860000
05/28/2008,1386.54,1391.25,1378.16,1390.84,3927240000
05/29/2008,1390.50,1406.32,1388.59,1398.26,3894440000
05/30/2008,1398.36,1404.46,1398.08,1400.38,3845630000
06/02/2008,1399.62,1399.62,1377.79,1385.67,3714320000
06/03/2008,1386.42,1393.12,1370.12,1377.65,4396380000
06/04/2008,1376.26,1388.18,1371.74,1377.20,4338640000
06/05/2008,1377.48,1404.05,1377.48,1404.05,4350790000
06/06/2008,1400.06,1400.06,1359.90,1360.68,4771660000
06/09/2008,1360.83,1370.63,1350.62,1361.76,4404570000
06/10/2008,1358.98,1366.84,1351.56,1358.44,4635070000
06/11/2008,1357.09,1357.09,1335.47,1335.49,4779980000
06/12/2008,1335.78,1353.03,1331.29,1339.87,4734240000
06/13/2008,1341.81,1360.03,1341.71,1360.03,4080420000
06/16/2008,1358.85,1364.70,1352.07,1360.14,3706940000
06/17/2008,1360.71,1366.59,1350.54,1350.93,3801960000
06/18/2008,1349.59,1349.59,1333.40,1337.81,4573570000
06/19/2008,1336.89,1347.66,1330.50,1342.83,4811670000
06/20/2008,1341.02,1341.02,1314.46,1317.93,5324900000
06/23/2008,1319.77,1323.78,1315.31,1318.00,4186370000
06/24/2008,1317.23,1326.02,1304.42,1314.29,4705050000
06/25/2008,1314.54,1335.63,1314.54,1321.97,4825640000
06/26/2008,1316.29,1316.29,1283.15,1283.15,5231280000
06/27/2008,1283.60,1289.45,1272.00,1278.38,6208260000
06/30/2008,1278.06,1290.31,1274.86,1280.00,5032330000
07/01/2008,1276.69,1285.31,1260.68,1284.91,5846290000
07/02/2008,1285.82,1292.17,1261.51,1261.52,5276090000
07/03/2008,1262.96,1271.48,1252.01,1262.90,3247590000
07/07/2008,1262.90,1273.95,1240.68,1252.31,5265420000
07/08/2008,1251.84,1274.17,1242.84,1273.70,6034110000
07/09/2008,1273.38,1277.36,1244.57,1244.69,5181000000
07/10/2008,1245.25,1257.65,1236.76,1253.39,5840430000
07/11/2008,1248.66,1257.27,1225.35,1239.49,6742200000
07/14/2008,1241.61,1253.50,1225.01,1228.30,5434860000
07/15/2008,1226.83,1234.35,1200.44,1214.91,7363640000
07/16/2008,1214.65,1245.52,1211.39,1245.36,6738630400
07/17/2008,1246.31,1262.31,1241.49,1260.32,7365209600
07/18/2008,1258.22,1262.23,1251.81,1260.68,5653280000
07/21/2008,1261.82,1267.74,1255.70,1260.00,4630640000
07/22/2008,1257.08,1277.42,1248.83,1277.00,6180230000
07/23/2008,1278.87,1291.17,1276.06,1282.19,6705830000
07/24/2008,1283.22,1283.22,1251.48,1252.54,6127980000
07/25/2008,1253.51,1263.23,1251.75,1257.76,4672560000
07/28/2008,1257.76,1260.09,1234.37,1234.37,4282960000
07/29/2008,1236.38,1263.20,1236.38,1263.20,5414240000
07/30/2008,1264.52,1284.33,1264.52,1284.26,5631330000
07/31/2008,1281.37,1284.93,1265.97,1267.38,5346050000
08/01/2008,1269.42,1270.52,1254.54,1260.31,4684870000
08/04/2008,1253.27,1260.49,1247.45,1249.01,4562280000
08/05/2008,1254.87,1284.88,1254.67,1284.88,1219310000
08/06/2008,1283.99,1291.67,1276.00,1289.19,4873420000
08/07/2008,1286.51,1286.51,1264.29,1266.07,5319380000
08/08/2008,1266.29,1297.85,1262.11,1296.32,4966810000
08/11/2008,1294.42,1313.15,1291.41,1305.32,5067310000
08/12/2008,1304.79,1304.79,1285.64,1289.59,4711290000
08/13/2008,1288.64,1294.03,1274.86,1285.83,4787600000
08/14/2008,1282.11,1300.11,1276.84,1292.93,4064000000
08/15/2008,1293.85,1302.05,1290.74,1298.20,4041820000
08/18/2008,1298.14,1300.22,1274.51,1278.60,3829290000
08/19/2008,1276.65,1276.65,1263.11,1266.69,4159760000
08/20/2008,1267.34,1276.01,1261.16,1274.54,4555030000
08/21/2008,1271.07,1281.40,1265.22,1277.72,4032590000
08/22/2008,1277.59,1293.09,1277.59,1292.20,3741070000
08/25/2008,1290.47,1290.47,1264.87,1266.84,3420600000
08/26/2008,1267.03,1275.65,1263.21,1271.51,3587570000
08/27/2008,1271.29,1285.05,1270.03,1281.66,3499610000
08/28/2008,1283.79,1300.68,1283.79,1300.68,3854280000
08/29/2008,1296.49,1297.59,1282.74,1282.83,3288120000
09/02/2008,1287.83,1303.04,1272.20,1277.58,4783560000
09/03/2008,1276.61,1280.60,1265.59,1274.98,5056980000
09/04/2008,1271.80,1271.80,1232.83,1236.83,5212500000
09/05/2008,1233.21,1244.94,1217.23,1242.31,5017080000
09/08/2008,1249.50,1274.42,1247.12,1267.79,7351340000
09/09/2008,1267.98,1268.66,1224.51,1224.51,7380630400
09/10/2008,1227.50,1243.90,1221.60,1232.04,6543440000
09/11/2008,1229.04,1249.98,1211.54,1249.05,6869249600
09/12/2008,1245.88,1255.09,1233.81,1251.70,6273260000
09/15/2008,1250.92,1250.92,1192.70,1192.70,8279510400
09/16/2008,1188.31,1214.84,1169.28,1213.60,9459830400
09/17/2008,1210.34,1210.34,1155.88,1156.39,9431870400
09/18/2008,1157.08,1211.14,1133.50,1206.51,10082689600
09/19/2008,1213.11,1265.12,1213.11,1255.08,9387169600
09/22/2008,1255.37,1255.37,1205.61,1207.09,5332130000
09/23/2008,1207.61,1221.15,1187.06,1188.22,5185730000
09/24/2008,1188.79,1197.41,1179.79,1185.87,4820360000
09/25/2008,1187.87,1220.03,1187.87,1209.18,5877640000
09/26/2008,1204.47,1215.77,1187.54,1213.27,5383610000
09/29/2008,1209.07,1209.07,1106.42,1106.42,7305060000
09/30/2008,1113.78,1168.03,1113.78,1166.36,4937680000
10/01/2008,1164.17,1167.03,1140.77,1161.06,5782130000
10/02/2008,1160.64,1160.64,1111.43,1114.28,6285640000
10/03/2008,1115.16,1153.82,1098.14,1099.23,6716120000
10/06/2008,1097.56,1097.56,1007.97,1056.89,7956020000
10/07/2008,1057.60,1072.91,996.23,996.23,7069209600
10/08/2008,988.91,1021.06,970.97,984.94,8716329600
10/09/2008,988.42,1005.25,909.19,909.92,6819000000
10/10/2008,902.31,936.36,839.80,899.22,11456230400
10/13/2008,912.75,1006.93,912.75,1003.35,7263369600
10/14/2008,1009.97,1044.31,972.07,998.01,8161990400
10/15/2008,994.60,994.60,903.99,907.84,6542330000
10/16/2008,909.53,947.71,865.83,946.43,7984500000
10/17/2008,942.29,984.64,918.74,940.55,6581780000
10/20/2008,943.51,985.40,943.51,985.40,5175640000
10/21/2008,980.40,985.44,952.47,955.05,5121830000
10/22/2008,951.67,951.67,875.81,896.78,6147980000
10/23/2008,899.08,922.83,858.44,908.11,7184180000
10/24/2008,895.22,896.30,852.85,876.77,6550050000
10/27/2008,874.28,893.78,846.75,848.92,5558050000
10/28/2008,848.92,940.51,845.27,940.51,7096950400
10/29/2008,939.51,969.97,922.26,930.09,7077800000
10/30/2008,939.38,963.23,928.50,954.09,6175830000
10/31/2008,953.11,984.38,944.59,968.75,6394350000
11/03/2008,968.67,975.57,958.82,966.30,4492280000
11/04/2008,971.31,1007.51,971.31,1005.75,5531290000
11/05/2008,1001.84,1001.84,949.86,952.77,5426640000
11/06/2008,952.40,952.40,899.73,904.88,6102230000
11/07/2008,907.44,931.46,906.90,930.99,4931640000
11/10/2008,936.75,951.95,907.47,919.21,4572000000
11/11/2008,917.15,917.15,884.90,898.95,4998340000
11/12/2008,893.39,893.39,850.48,852.30,5764180000
11/13/2008,853.13,913.01,818.69,911.29,7849120000
11/14/2008,904.36,916.88,869.88,873.29,5881030000
11/17/2008,873.23,882.29,848.98,850.75,4927490000
11/18/2008,852.34,865.90,826.84,859.12,6679470000
11/19/2008,859.03,864.57,806.18,806.58,6548600000
11/20/2008,805.87,820.52,747.78,752.44,9093740000
11/21/2008,755.84,801.20,741.02,800.03,9495900000
11/24/2008,801.20,865.60,801.20,851.81,7879440000
11/25/2008,853.40,868.94,834.99,857.39,6952700000
11/26/2008,852.90,887.68,841.37,887.68,5793260000
11/28/2008,886.89,896.25,881.21,896.24,2740860000
12/01/2008,888.61,888.61,815.69,816.21,6052010000
12/02/2008,817.94,850.54,817.94,848.81,6170100000
12/03/2008,843.60,873.12,827.60,870.74,6221880000
12/04/2008,869.75,875.60,833.60,845.22,5860390000
12/05/2008,844.43,879.42,818.41,876.07,6165370000
12/08/2008,882.71,918.57,882.71,909.70,6553600000
12/09/2008,906.48,916.26,885.38,888.67,5693110000
12/10/2008,892.17,908.27,885.45,899.24,5942130000
12/11/2008,898.35,904.63,868.73,873.59,5513840000
12/12/2008,871.79,883.24,851.35,879.73,5959590000
12/15/2008,881.07,884.63,857.72,868.57,4982390000
12/16/2008,871.53,914.66,871.53,913.18,6009780000
12/17/2008,908.16,918.85,895.94,904.42,5907380000
12/18/2008,905.98,911.02,877.44,885.28,5675000000
12/19/2008,886.96,905.47,883.02,887.88,6705310000
12/22/2008,887.20,887.37,857.09,871.63,4869850000
12/23/2008,874.31,880.44,860.10,863.16,4051970000
12/24/2008,863.87,869.79,861.44,868.15,1546550000
12/26/2008,869.51,873.74,866.52,872.80,1880050000
12/29/2008,872.37,873.70,857.07,869.42,3323430000
12/30/2008,870.58,891.12,870.58,890.64,3627800000
12/31/2008,890.59,910.32,889.67,903.25,4172940000
01/02/2009,902.99,934.73,899.35,931.80,4048270000
01/05/2009,929.17,936.63,919.53,927.45,5413910000
01/06/2009,931.17,943.85,927.28,934.70,5392620000
01/07/2009,927.45,927.45,902.37,906.65,4704940000
01/08/2009,905.73,910.00,896.81,909.73,4991550000
01/09/2009,909.91,911.93,888.31,890.35,4716500000
01/12/2009,890.40,890.40,864.32,870.26,4725050000
01/13/2009,869.79,877.02,862.02,871.79,5017470000
01/14/2009,867.28,867.28,836.93,842.62,5407880000
01/15/2009,841.99,851.59,817.04,843.74,7807350400
01/16/2009,844.45,858.13,830.66,850.12,6786040000
01/20/2009,849.64,849.64,804.47,805.22,6375230000
01/21/2009,806.77,841.72,804.30,840.24,6467830000
01/22/2009,839.74,839.74,811.29,827.50,5843830000
01/23/2009,822.16,838.61,806.07,831.95,5832160000
01/26/2009,832.50,852.53,827.69,836.57,6039940000
01/27/2009,837.30,850.45,835.40,845.71,5353260000
01/28/2009,845.73,877.86,845.73,874.09,6199180000
01/29/2009,868.89,868.89,844.15,845.14,5067060000
01/30/2009,845.69,851.66,821.67,825.88,5350580000
02/02/2009,823.09,830.78,812.87,825.44,5673270000
02/03/2009,825.69,842.60,821.98,838.51,5886310000
02/04/2009,837.77,851.85,829.18,832.23,6420450000
02/05/2009,831.75,850.55,819.91,845.85,6624030000
02/06/2009,846.09,870.75,845.42,868.60,6484100000
02/09/2009,868.24,875.01,861.65,869.89,5574370000
02/10/2009,866.87,868.05,822.99,827.16,6770169600
02/11/2009,827.41,838.22,822.30,833.74,5926460000
02/12/2009,829.91,835.48,808.06,835.19,6476460000
02/13/2009,833.95,839.43,825.21,826.84,5296650000
02/17/2009,818.61,818.61,789.17,789.17,5907820000
02/18/2009,791.06,796.17,780.43,788.42,5740710000
02/19/2009,787.91,797.58,777.03,778.94,5746940000
02/20/2009,775.87,778.69,754.25,770.05,8210590400
02/23/2009,773.25,777.85,742.37,743.33,6509300000
02/24/2009,744.69,775.49,744.69,773.14,7234489600
02/25/2009,770.64,780.12,752.89,764.90,7483640000
02/26/2009,765.76,779.42,751.75,752.83,7599969600
02/27/2009,749.93,751.27,734.52,735.09,8926480000
03/02/2009,729.57,729.57,699.70,700.82,7868289600
03/03/2009,704.44,711.67,692.30,696.33,7583230400
03/04/2009,698.60,724.12,698.60,712.87,7673620000
03/05/2009,708.27,708.27,677.93,682.55,7507249600
03/06/2009,684.04,699.09,666.79,683.38,7331830400
03/09/2009,680.76,695.27,672.88,676.53,7277320000
03/10/2009,679.28,719.60,679.28,719.60,8618329600
03/11/2009,719.59,731.92,713.85,721.36,7287809600
03/12/2009,720.89,752.63,714.76,750.74,7326630400
03/13/2009,751.97,758.29,742.46,756.55,6787089600
03/16/2009,758.84,774.53,753.37,753.89,7883540000
03/17/2009,753.88,778.12,749.93,778.12,6156800000
03/18/2009,776.01,803.04,765.64,794.35,9098449600
03/19/2009,797.92,803.24,781.82,784.04,9033870400
03/20/2009,784.58,788.91,766.20,768.54,7643720000
03/23/2009,772.31,823.37,772.31,822.92,7715769600
03/24/2009,820.60,823.65,805.48,806.12,6767980000
03/25/2009,806.81,826.78,791.37,813.88,7687180000
03/26/2009,814.06,832.98,814.06,832.86,6992960000
03/27/2009,828.68,828.68,813.43,815.94,5600210000
03/30/2009,809.07,809.07,779.81,787.53,5912660000
03/31/2009,790.88,810.48,790.88,797.87,6089100000
04/01/2009,793.59,813.62,783.32,811.08,6034140000
04/02/2009,814.53,845.61,814.53,834.38,7542809600
04/03/2009,835.13,842.50,826.70,842.50,5855640000
04/06/2009,839.75,839.75,822.79,835.48,6210000000
04/07/2009,834.12,834.12,814.53,815.55,5155580000
04/08/2009,816.76,828.42,814.84,825.16,5938460000
04/09/2009,829.29,856.91,829.29,856.56,7600710400
04/13/2009,855.33,864.31,845.35,858.73,6434890000
04/14/2009,856.88,856.88,840.25,841.50,7569840000
04/15/2009,839.44,852.93,835.58,852.06,6241100000
04/16/2009,854.54,870.35,847.04,865.30,6598670000
04/17/2009,865.18,875.63,860.87,869.60,7352009600
04/20/2009,868.27,868.27,832.39,832.39,6973960000
04/21/2009,831.25,850.09,826.83,850.08,7436489600
04/22/2009,847.26,861.78,840.57,843.55,7327860000
04/23/2009,844.62,852.87,835.45,851.92,6563100000
04/24/2009,853.91,871.80,853.91,866.23,7114440000
04/27/2009,862.82,868.83,854.65,857.51,5613460000
04/28/2009,854.48,864.48,847.12,855.16,6328000000
04/29/2009,856.85,882.06,856.85,873.64,6101620000
04/30/2009,876.59,888.70,868.51,872.81,6862540000
05/01/2009,872.74,880.48,866.10,877.52,5312170000
05/04/2009,879.21,907.85,879.21,907.24,7038840000
05/05/2009,906.10,907.70,897.34,903.80,6882860000
05/06/2009,903.95,920.28,903.95,919.53,8555040000
05/07/2009,919.58,929.58,901.36,907.39,9120100000
05/08/2009,909.03,930.17,909.03,929.23,8163280000
05/11/2009,922.99,922.99,908.68,909.24,6150600000
05/12/2009,910.52,915.57,896.46,908.35,6871750400
05/13/2009,905.40,905.40,882.80,883.92,7091820000
05/14/2009,884.24,898.36,882.52,893.07,6134870000
05/15/2009,892.76,896.97,878.94,882.88,5439720000
05/18/2009,886.07,910.00,886.07,909.71,5702150000
05/19/2009,909.67,916.39,905.22,908.13,6616270000
05/20/2009,908.62,924.60,901.37,903.47,8205060000
05/21/2009,900.42,900.42,879.61,888.33,6019840000
05/22/2009,888.68,896.65,883.75,887.00,5155320000
05/26/2009,887.00,911.76,881.46,910.33,5667050000
05/27/2009,909.95,913.84,891.87,893.06,5698800000
05/28/2009,892.96,909.45,887.60,906.83,5738980000
05/29/2009,907.02,920.02,903.56,919.14,6050420000
06/01/2009,923.26,947.77,923.26,942.87,6370440000
06/02/2009,942.87,949.38,938.46,944.74,5987340000
06/03/2009,942.51,942.51,923.85,931.76,5323770000
06/04/2009,932.49,942.47,929.32,942.46,5352890000
06/05/2009,945.67,951.69,934.13,940.09,5277910000
06/08/2009,938.12,946.33,926.44,939.14,4483430000
06/09/2009,940.35,946.92,936.15,942.43,4439950000
06/10/2009,942.73,949.77,927.97,939.15,5379420000
06/11/2009,939.04,956.23,939.04,944.89,5500840000
06/12/2009,943.44,946.30,935.66,946.21,4528120000
06/15/2009,942.45,942.45,919.65,923.72,4697880000
06/16/2009,925.60,928.00,911.60,911.97,4951200000
06/17/2009,911.89,918.44,903.78,910.71,5523650000
06/18/2009,910.86,921.93,907.94,918.37,4684010000
06/19/2009,919.96,927.09,915.80,921.23,5713390000
06/22/2009,918.13,918.13,893.04,893.04,4903940000
06/23/2009,893.46,898.69,888.86,895.10,5071020000
06/24/2009,896.31,910.85,896.31,900.94,4636720000
06/25/2009,899.45,921.42,896.27,920.26,4911240000
06/26/2009,918.84,922.00,913.03,918.90,6076660000
06/29/2009,919.86,927.99,916.18,927.23,4211760000
06/30/2009,927.15,930.01,912.86,919.32,4627570000
07/01/2009,920.82,931.92,920.82,923.33,3919400000
07/02/2009,921.24,921.24,896.42,896.42,3931000000
07/06/2009,894.27,898.72,886.36,898.72,4712580000
07/07/2009,898.60,898.60,879.93,881.03,4673300000
07/08/2009,881.90,886.80,869.32,879.56,5721780000
07/09/2009,881.28,887.86,878.45,882.68,4347170000
07/10/2009,880.03,883.57,872.81,879.13,3912080000
07/13/2009,879.57,901.05,875.32,901.05,4499440000
07/14/2009,900.77,905.84,896.50,905.84,4149030000
07/15/2009,910.15,933.95,910.15,932.68,5238830000
07/16/2009,930.17,943.96,927.45,940.74,4898640000
07/17/2009,940.56,941.89,934.65,940.38,5141380000
07/20/2009,942.07,951.62,940.99,951.13,4853150000
07/21/2009,951.97,956.53,943.22,954.58,5309300000
07/22/2009,953.40,959.83,947.75,954.07,4634100000
07/23/2009,954.07,979.42,953.27,976.29,5761650000
07/24/2009,972.16,979.79,965.95,979.26,4458300000
07/27/2009,978.63,982.49,972.29,982.18,4631290000
07/28/2009,981.48,982.35,969.35,979.62,5490350000
07/29/2009,977.66,977.76,968.65,975.15,5178770000
07/30/2009,976.01,996.68,976.01,986.75,6035180000
07/31/2009,986.80,993.18,982.85,987.48,5139070000
08/03/2009,990.22,1003.61,990.22,1002.63,5603440000
08/04/2009,1001.41,1007.12,996.68,1005.65,5713700000
08/05/2009,1005.41,1006.64,994.31,1002.72,7242120000
08/06/2009,1004.06,1008.00,992.49,997.08,6753380000
08/07/2009,999.83,1018.00,999.83,1010.48,6827089600
08/10/2009,1008.89,1010.12,1000.99,1007.10,5406080000
08/11/2009,1005.77,1005.77,992.40,994.35,5773160000
08/12/2009,994.00,1012.78,993.36,1005.81,5498170000
08/13/2009,1005.86,1013.14,1000.82,1012.73,5250660000
08/14/2009,1012.23,1012.60,994.60,1004.09,4940750000
08/17/2009,998.18,998.18,978.51,979.73,4088570000
08/18/2009,980.62,991.20,980.62,989.67,4198970000
08/19/2009,986.88,999.61,980.62,996.46,4257000000
08/20/2009,996.41,1008.92,996.39,1007.37,4893160000
08/21/2009,1009.06,1027.59,1009.06,1026.13,5885550000
08/24/2009,1026.59,1035.82,1022.48,1025.57,6302450000
08/25/2009,1026.63,1037.75,1026.21,1028.00,5768740000
08/26/2009,1027.35,1032.47,1021.57,1028.12,5080060000
08/27/2009,1027.81,1033.33,1016.20,1030.98,5785880000
08/28/2009,1031.62,1039.47,1023.13,1028.93,5785780000
08/31/2009,1025.21,1025.21,1014.62,1020.62,5004560000
09/01/2009,1019.52,1028.45,996.28,998.04,6862360000
09/02/2009,996.07,1000.34,991.97,994.75,5842730000
09/03/2009,996.12,1003.43,992.25,1003.24,4624280000
09/04/2009,1003.84,1016.48,1001.65,1016.40,4097370000
09/08/2009,1018.67,1026.07,1018.67,1025.39,5235160000
09/09/2009,1025.36,1036.34,1023.97,1033.37,5202550000
09/10/2009,1032.99,1044.14,1028.04,1044.14,5191380000
09/11/2009,1043.92,1048.18,1038.40,1042.73,4922600000
09/14/2009,1040.15,1049.74,1035.00,1049.34,4979610000
09/15/2009,1049.03,1056.04,1043.42,1052.63,6185620000
09/16/2009,1053.99,1068.76,1052.87,1068.76,6793529600
09/17/2009,1067.87,1074.77,1061.20,1065.49,6668110000
09/18/2009,1066.60,1071.52,1064.27,1068.30,5607970000
09/21/2009,1067.14,1067.28,1057.46,1064.66,4615280000
09/22/2009,1066.35,1073.81,1066.35,1071.66,5246600000
09/23/2009,1072.69,1080.15,1060.39,1060.87,5531930000
09/24/2009,1062.56,1066.29,1045.85,1050.78,5505610000
09/25/2009,1049.48,1053.47,1041.17,1044.38,4507090000
09/28/2009,1045.38,1065.13,1045.38,1062.98,3726950000
09/29/2009,1063.69,1069.62,1057.83,1060.61,4949900000
09/30/2009,1061.02,1063.40,1046.47,1057.08,5998860000
10/01/2009,1054.91,1054.91,1029.45,1029.85,5791450000
10/02/2009,1029.71,1030.60,1019.95,1025.21,5583240000
10/05/2009,1026.87,1042.58,1025.92,1040.46,4313310000
10/06/2009,1042.02,1060.55,1042.02,1054.72,5029840000
10/07/2009,1053.65,1058.02,1050.10,1057.58,4238220000
10/08/2009,1060.03,1070.67,1060.03,1065.48,4988400000
10/09/2009,1065.28,1071.51,1063.00,1071.49,3763780000
10/12/2009,1071.63,1079.46,1071.63,1076.19,3710430000
10/13/2009,1074.96,1075.30,1066.71,1073.19,4320480000
10/14/2009,1078.68,1093.17,1078.68,1092.02,5406420000
10/15/2009,1090.36,1096.56,1086.41,1096.56,5369780000
10/16/2009,1094.67,1094.67,1081.53,1087.68,4894740000
10/19/2009,1088.22,1100.17,1086.48,1097.91,4619240000
10/20/2009,1098.64,1098.64,1086.16,1091.06,5396930000
10/21/2009,1090.36,1101.36,1080.77,1081.40,5616290000
10/22/2009,1080.96,1095.21,1074.31,1092.91,5192410000
10/23/2009,1095.62,1095.83,1075.49,1079.60,4767460000
10/26/2009,1080.36,1091.75,1065.23,1066.95,6363380000
10/27/2009,1067.54,1072.48,1060.62,1063.41,5337380000
10/28/2009,1061.51,1063.26,1042.19,1042.63,6600350000
10/29/2009,1043.69,1066.83,1043.69,1066.11,5595040000
10/30/2009,1065.41,1065.41,1033.38,1036.19,6512420000
11/02/2009,1036.18,1052.18,1029.38,1042.88,6202640000
11/03/2009,1040.92,1046.36,1033.94,1045.41,5487500000
11/04/2009,1047.14,1061.00,1045.15,1046.50,5635510000
11/05/2009,1047.30,1066.65,1047.30,1066.63,4848350000
11/06/2009,1064.95,1071.48,1059.32,1069.30,4277130000
11/09/2009,1072.31,1093.19,1072.31,1093.08,4460030000
11/10/2009,1091.86,1096.42,1087.40,1093.01,4394770000
11/11/2009,1096.04,1105.37,1093.81,1098.51,4286700000
11/12/2009,1098.31,1101.97,1084.90,1087.24,4160250000
11/13/2009,1087.59,1097.79,1085.33,1093.48,3792610000
11/16/2009,1094.13,1113.69,1094.13,1109.30,4565850000
11/17/2009,1109.22,1110.52,1102.19,1110.32,3824070000
11/18/2009,1109.44,1111.10,1102.70,1109.80,4293340000
11/19/2009,1106.44,1106.44,1088.40,1094.90,4178030000
11/20/2009,1094.66,1094.66,1086.81,1091.38,3751230000
11/23/2009,1094.86,1112.38,1094.86,1106.24,3827920000
11/24/2009,1105.83,1107.56,1097.63,1105.65,3700820000
11/25/2009,1106.49,1111.18,1104.75,1110.63,3036350000
11/27/2009,1105.47,1105.47,1083.74,1091.49,2362910000
11/30/2009,1091.07,1097.24,1086.25,1095.63,3895520000
12/01/2009,1098.89,1112.28,1098.89,1108.86,4249310000
12/02/2009,1109.03,1115.58,1105.29,1109.24,3941340000
12/03/2009,1110.59,1117.28,1098.74,1099.92,4810030000
12/04/2009,1100.43,1119.13,1096.52,1105.98,5781140000
12/07/2009,1105.52,1110.72,1100.83,1103.25,4103360000
12/08/2009,1103.04,1103.04,1088.61,1091.94,4748030000
12/09/2009,1091.07,1097.04,1085.89,1095.95,4115410000
12/10/2009,1098.69,1106.25,1098.69,1102.35,3996490000
12/11/2009,1103.96,1108.50,1101.34,1106.41,3791090000
12/14/2009,1107.84,1114.76,1107.84,1114.11,4548490000
12/15/2009,1114.11,1114.11,1105.35,1107.93,5045100000
12/16/2009,1108.61,1116.21,1107.96,1109.18,4829820000
12/17/2009,1106.36,1106.36,1095.88,1096.08,7615070400
12/18/2009,1097.86,1103.74,1093.88,1102.47,6325890000
12/21/2009,1105.31,1117.68,1105.31,1114.05,3977340000
12/22/2009,1114.51,1120.27,1114.51,1118.02,3641130000
12/23/2009,1118.84,1121.58,1116.00,1120.59,3166870000
12/24/2009,1121.08,1126.48,1121.08,1126.48,1267710000
12/28/2009,1127.53,1130.38,1123.51,1127.78,2716400000
12/29/2009,1128.55,1130.38,1126.08,1126.20,2491020000
12/30/2009,1125.53,1126.42,1121.94,1126.42,2277300000
12/31/2009,1126.60,1127.64,1114.81,1115.10,2076990000
01/04/2010,1116.56,1133.87,1116.56,1132.99,3991400000
01/05/2010,1132.66,1136.63,1129.66,1136.52,2491020000
01/06/2010,1135.71,1139.19,1133.95,1137.14,4972660000
01/07/2010,1136.27,1142.46,1131.32,1141.69,5270680000
01/08/2010,1140.52,1145.39,1136.22,1144.98,4389590000
01/11/2010,1145.96,1149.74,1142.02,1146.98,4255780000
01/12/2010,1143.81,1143.81,1131.77,1136.22,4716160000
01/13/2010,1137.31,1148.40,1133.18,1145.68,4170360000
01/14/2010,1145.68,1150.41,1143.80,1148.46,3915200000
01/15/2010,1147.72,1147.77,1131.39,1136.03,4758730000
01/19/2010,1136.03,1150.45,1135.77,1150.23,4724830000
01/20/2010,1147.95,1147.95,1129.25,1138.04,4810560000
01/21/2010,1138.68,1141.58,1114.84,1116.48,6874289600
01/22/2010,1115.49,1115.49,1090.18,1091.76,6208650000
01/25/2010,1092.40,1102.97,1092.40,1096.78,4481390000
01/26/2010,1095.80,1103.69,1089.86,1092.17,4731910000
01/27/2010,1091.94,1099.51,1083.11,1097.50,5319120000
01/28/2010,1096.93,1100.22,1078.46,1084.53,5452400000
01/29/2010,1087.61,1096.45,1071.59,1073.87,5412850000
02/01/2010,1073.89,1089.38,1073.89,1089.19,4077610000
02/02/2010,1090.05,1104.73,1087.96,1103.32,4749540000
02/03/2010,1100.67,1102.72,1093.97,1097.28,4285450000
02/04/2010,1097.25,1097.25,1062.78,1063.11,5859690000
02/05/2010,1064.12,1067.13,1044.50,1066.19,6438900000
02/08/2010,1065.51,1071.20,1056.51,1056.74,4089820000
02/09/2010,1060.06,1079.28,1060.06,1070.52,5114260000
02/10/2010,1069.68,1073.67,1059.34,1068.13,4251450000
02/11/2010,1067.10,1080.04,1060.59,1078.47,4400870000
02/12/2010,1075.95,1077.81,1062.97,1075.51,4160680000
02/16/2010,1079.13,1095.67,1079.13,1094.87,4080770000
02/17/2010,1096.14,1101.03,1094.72,1099.51,4259230000
02/18/2010,1099.03,1108.24,1097.48,1106.75,3878620000
,,,,,
,,,,,
,,,,,
,,,,,
,,,,,
,,,,,
,,,,,
,,,,,
,,,,,
,,,,,
,,,,,
,,,,,
,,,,,
,,,,,
,,,,,
,,,,,
,,,,,
,,,,,
,,,,,
,,,,,
,,,,,
